spec_group_id,m/z,z,rt_mean,seq,scans,profile,feature area
FF2:2218,425.55142,3,11.1992,HYEGSTVPEKK,F2:7503;F2:7528;F2:7553;F2:7578;F2:7603;F2:7628,0:0;0:0;0:0;0:0;0:0;0:0,0
F2:2219,720.38092,2,33.1665,IAAFNIQTFGETK,F2:22718;F2:22743;F2:22768;F2:22793;F2:22818;F2:22843;F2:22868,0:0;0:0;0:0;0:0;0:0;0:0;0:0,0
F2:2220,527.26508,3,20.2298,AYLEEEC(+57.02)PATLRK,F2:13708;F2:13733;F2:13758;F2:13783;F2:13808;F2:13833;F2:13858,0:0;0:0;0:0;0:0;0:0;0:0;0:0,0
F2:2221,714.6925,3,28.8965,IADQC(+57.02)PSSLAIQENANALAR,F2:19742;F2:19767;F2:19792;F2:19817;F2:19842;F2:19867;F2:19892,0:0;0:0;0:0;0:0;0:0;0:0;0:0,0
F2:2222,801.74194,3,40.8852,HVEDVPAFQALGSLNDLQFFR,F2:28072;F2:28097;F2:28122;F2:28147;F2:28172;F2:28197,0:0;0:0;0:0;0:0;0:0;0:0,0
F2:2223,669.34485,2,17.1666,AVVVHAGEDDLGR,F2:11615;F2:11640;F2:11665;F2:11690;F2:11715;F2:11740,0:0;0:0;0:0;0:0;0:0;0:0,0
F2:2224,433.55518,3,17.9062,HSIFTPETNPR,F2:12128;F2:12153;F2:12178;F2:12203;F2:12228;F2:12253,0:0;0:0;0:0;0:0;0:0;0:0,0
F2:2225,677.84082,4,27.9876,HRQGPVNLLSDPEQGVEVTGQYER,F2:19140;F2:19165;F2:19190;F2:19215;F2:19240;F2:19265,0:0;0:0;0:0;0:0;0:0;0:0,0
F2:2226,572.5932,3,18.9333,HLC(+57.02)HC(+57.02)EEGYILER,F2:12835;F2:12860;F2:12885;F2:12910;F2:12935;F2:12960,0:0;0:0;0:0;0:0;0:0;0:0,0
F2:2227,626.08038,4,31.7555,HLHC(+57.02)ISFLVPPPAGGTEEVATIR,F2:21738;F2:21763;F2:21788;F2:21813;F2:21838;F2:21863;F2:21888,0:0;0:0;0:0;0:0;0:0;0:0;0:0,0
F2:2228,425.76733,2,18.1947,HLQLAIR,F2:12328;F2:12353;F2:12378;F2:12403;F2:12428,0:0;0:0;0:0;0:0;0:0,0
F2:2229,627.86267,2,26.4451,HLSLLTTLSNR,F2:18038;F2:18063;F2:18088;F2:18113;F2:18138;F2:18163,0:0;0:0;0:0;0:0;0:0;0:0,0
F2:2230,418.91107,3,26.4303,HLSLLTTLSNR,F2:18052;F2:18077;F2:18102;F2:18127;F2:18152;F2:18177,0:0;0:0;0:0;0:0;0:0;0:0,0
F2:2231,448.22467,3,14.451,HLVLAC(+57.02)HYDSK,F2:9729;F2:9754;F2:9779;F2:9804;F2:9829;F2:9854,0:0;0:0;0:0;0:0;0:0;0:0,0
F2:2227,626.08038,4,31.7555,HLHC(+57.02)ISFLVPPPAGGTEEVATIR,F2:21738;F2:21763;F2:21788;F2:21813;F2:21838;F2:21863;F2:21888,0:0;0:0;0:0;0:0;0:0;0:0;0:0,0
